,URL,Lottery Name,Date,Tier,Match,Winners,Amount,Numbers,Extra Numbers
0,https://www.lottoland.com/en/saturday-oz/results-winning-numbers/13-03-2021,SAT Lotto,13-03-2021,I,6 Numbers,756331.17,,"[15, 17, 22, 27, 37, 40]","[2, 4]"
1,https://www.lottoland.com/en/saturday-oz/results-winning-numbers/13-03-2021,SAT Lotto,13-03-2021,II,5 Numbers + Bonus,6299.31,,"[15, 17, 22, 27, 37, 40]","[2, 4]"
2,https://www.lottoland.com/en/saturday-oz/results-winning-numbers/13-03-2021,SAT Lotto,13-03-2021,III,5 Numbers,596.42,,"[15, 17, 22, 27, 37, 40]","[2, 4]"
3,https://www.lottoland.com/en/saturday-oz/results-winning-numbers/13-03-2021,SAT Lotto,13-03-2021,IV,4 Numbers,16,,"[15, 17, 22, 27, 37, 40]","[2, 4]"
4,https://www.lottoland.com/en/saturday-oz/results-winning-numbers/13-03-2021,SAT Lotto,13-03-2021,V,3 Numbers + Bonus,9.57,,"[15, 17, 22, 27, 37, 40]","[2, 4]"
5,https://www.lottoland.com/en/saturday-oz/results-winning-numbers/13-03-2021,SAT Lotto,13-03-2021,VI,1 Number + 2 Bonus,5.39,,"[15, 17, 22, 27, 37, 40]","[2, 4]"
6,https://www.lottoland.com/en/saturday-oz/results-winning-numbers/06-03-2021,SAT Lotto,44350,I,6 Numbers,743568.79,,"[11, 16, 26, 32, 39, 42]","[6, 30]"
7,https://www.lottoland.com/en/saturday-oz/results-winning-numbers/06-03-2021,SAT Lotto,44350,II,5 Numbers + Bonus,5122.99,,"[11, 16, 26, 32, 39, 42]","[6, 30]"
8,https://www.lottoland.com/en/saturday-oz/results-winning-numbers/06-03-2021,SAT Lotto,44350,III,5 Numbers,571.76,,"[11, 16, 26, 32, 39, 42]","[6, 30]"
9,https://www.lottoland.com/en/saturday-oz/results-winning-numbers/06-03-2021,SAT Lotto,44350,IV,4 Numbers,17.42,,"[11, 16, 26, 32, 39, 42]","[6, 30]"
10,https://www.lottoland.com/en/saturday-oz/results-winning-numbers/06-03-2021,SAT Lotto,44350,V,3 Numbers + Bonus,10.28,,"[11, 16, 26, 32, 39, 42]","[6, 30]"
11,https://www.lottoland.com/en/saturday-oz/results-winning-numbers/06-03-2021,SAT Lotto,44350,VI,1 Number + 2 Bonus,5.62,,"[11, 16, 26, 32, 39, 42]","[6, 30]"
12,https://www.lottoland.com/en/saturday-oz/results-winning-numbers/27-02-2021,SAT Lotto,27-02-2021,I,6 Numbers,3784167.69,,"[4, 6, 24, 35, 42, 45]","[36, 38]"
13,https://www.lottoland.com/en/saturday-oz/results-winning-numbers/27-02-2021,SAT Lotto,27-02-2021,II,5 Numbers + Bonus,9499.95,,"[4, 6, 24, 35, 42, 45]","[36, 38]"
14,https://www.lottoland.com/en/saturday-oz/results-winning-numbers/27-02-2021,SAT Lotto,27-02-2021,III,5 Numbers,789.05,,"[4, 6, 24, 35, 42, 45]","[36, 38]"
15,https://www.lottoland.com/en/saturday-oz/results-winning-numbers/27-02-2021,SAT Lotto,27-02-2021,IV,4 Numbers,19.62,,"[4, 6, 24, 35, 42, 45]","[36, 38]"
16,https://www.lottoland.com/en/saturday-oz/results-winning-numbers/27-02-2021,SAT Lotto,27-02-2021,V,3 Numbers + Bonus,11.49,,"[4, 6, 24, 35, 42, 45]","[36, 38]"
17,https://www.lottoland.com/en/saturday-oz/results-winning-numbers/27-02-2021,SAT Lotto,27-02-2021,VI,1 Number + 2 Bonus,5.86,,"[4, 6, 24, 35, 42, 45]","[36, 38]"
18,https://www.lottoland.com/en/saturday-oz/results-winning-numbers/20-02-2021,SAT Lotto,20-02-2021,I,6 Numbers,1978537.81,,"[3, 5, 9, 26, 35, 41]","[28, 45]"
19,https://www.lottoland.com/en/saturday-oz/results-winning-numbers/20-02-2021,SAT Lotto,20-02-2021,II,5 Numbers + Bonus,7598.01,,"[3, 5, 9, 26, 35, 41]","[28, 45]"
20,https://www.lottoland.com/en/saturday-oz/results-winning-numbers/20-02-2021,SAT Lotto,20-02-2021,III,5 Numbers,620.75,,"[3, 5, 9, 26, 35, 41]","[28, 45]"
21,https://www.lottoland.com/en/saturday-oz/results-winning-numbers/20-02-2021,SAT Lotto,20-02-2021,IV,4 Numbers,16.9,,"[3, 5, 9, 26, 35, 41]","[28, 45]"
22,https://www.lottoland.com/en/saturday-oz/results-winning-numbers/20-02-2021,SAT Lotto,20-02-2021,V,3 Numbers + Bonus,10.4,,"[3, 5, 9, 26, 35, 41]","[28, 45]"
23,https://www.lottoland.com/en/saturday-oz/results-winning-numbers/20-02-2021,SAT Lotto,20-02-2021,VI,1 Number + 2 Bonus,5.2,,"[3, 5, 9, 26, 35, 41]","[28, 45]"
24,https://www.lottoland.com/en/saturday-oz/results-winning-numbers/13-02-2021,SAT Lotto,13-02-2021,I,6 Numbers,1595312.59,,"[1, 3, 4, 22, 42, 43]","[24, 25]"
25,https://www.lottoland.com/en/saturday-oz/results-winning-numbers/13-02-2021,SAT Lotto,13-02-2021,II,5 Numbers + Bonus,8788.51,,"[1, 3, 4, 22, 42, 43]","[24, 25]"
26,https://www.lottoland.com/en/saturday-oz/results-winning-numbers/13-02-2021,SAT Lotto,13-02-2021,III,5 Numbers,652.48,,"[1, 3, 4, 22, 42, 43]","[24, 25]"
27,https://www.lottoland.com/en/saturday-oz/results-winning-numbers/13-02-2021,SAT Lotto,13-02-2021,IV,4 Numbers,18.12,,"[1, 3, 4, 22, 42, 43]","[24, 25]"
28,https://www.lottoland.com/en/saturday-oz/results-winning-numbers/13-02-2021,SAT Lotto,13-02-2021,V,3 Numbers + Bonus,10.53,,"[1, 3, 4, 22, 42, 43]","[24, 25]"
29,https://www.lottoland.com/en/saturday-oz/results-winning-numbers/13-02-2021,SAT Lotto,13-02-2021,VI,1 Number + 2 Bonus,5.39,,"[1, 3, 4, 22, 42, 43]","[24, 25]"
30,https://www.lottoland.com/en/saturday-oz/results-winning-numbers/06-02-2021,SAT Lotto,44349,I,6 Numbers,271791.69,,"[3, 6, 8, 10, 12, 24]","[36, 45]"
31,https://www.lottoland.com/en/saturday-oz/results-winning-numbers/06-02-2021,SAT Lotto,44349,II,5 Numbers + Bonus,5371.56,,"[3, 6, 8, 10, 12, 24]","[36, 45]"
32,https://www.lottoland.com/en/saturday-oz/results-winning-numbers/06-02-2021,SAT Lotto,44349,III,5 Numbers,258.6,,"[3, 6, 8, 10, 12, 24]","[36, 45]"
33,https://www.lottoland.com/en/saturday-oz/results-winning-numbers/06-02-2021,SAT Lotto,44349,IV,4 Numbers,10.26,,"[3, 6, 8, 10, 12, 24]","[36, 45]"
34,https://www.lottoland.com/en/saturday-oz/results-winning-numbers/06-02-2021,SAT Lotto,44349,V,3 Numbers + Bonus,9.24,,"[3, 6, 8, 10, 12, 24]","[36, 45]"
35,https://www.lottoland.com/en/saturday-oz/results-winning-numbers/06-02-2021,SAT Lotto,44349,VI,1 Number + 2 Bonus,4.1,,"[3, 6, 8, 10, 12, 24]","[36, 45]"
36,https://www.lottoland.com/en/saturday-oz/results-winning-numbers/30-01-2021,SAT Lotto,30-01-2021,I,6 Numbers,931682.99,,"[3, 6, 15, 20, 30, 31]","[2, 26]"
37,https://www.lottoland.com/en/saturday-oz/results-winning-numbers/30-01-2021,SAT Lotto,30-01-2021,II,5 Numbers + Bonus,5331.08,,"[3, 6, 15, 20, 30, 31]","[2, 26]"
38,https://www.lottoland.com/en/saturday-oz/results-winning-numbers/30-01-2021,SAT Lotto,30-01-2021,III,5 Numbers,442.04,,"[3, 6, 15, 20, 30, 31]","[2, 26]"
39,https://www.lottoland.com/en/saturday-oz/results-winning-numbers/30-01-2021,SAT Lotto,30-01-2021,IV,4 Numbers,14.13,,"[3, 6, 15, 20, 30, 31]","[2, 26]"
40,https://www.lottoland.com/en/saturday-oz/results-winning-numbers/30-01-2021,SAT Lotto,30-01-2021,V,3 Numbers + Bonus,8.63,,"[3, 6, 15, 20, 30, 31]","[2, 26]"
41,https://www.lottoland.com/en/saturday-oz/results-winning-numbers/30-01-2021,SAT Lotto,30-01-2021,VI,1 Number + 2 Bonus,4.81,,"[3, 6, 15, 20, 30, 31]","[2, 26]"
42,https://www.lottoland.com/en/saturday-oz/results-winning-numbers/23-01-2021,SAT Lotto,23-01-2021,I,6 Numbers,429444.32,,"[1, 6, 8, 10, 29, 40]","[31, 42]"
43,https://www.lottoland.com/en/saturday-oz/results-winning-numbers/23-01-2021,SAT Lotto,23-01-2021,II,5 Numbers + Bonus,6254.44,,"[1, 6, 8, 10, 29, 40]","[31, 42]"
44,https://www.lottoland.com/en/saturday-oz/results-winning-numbers/23-01-2021,SAT Lotto,23-01-2021,III,5 Numbers,443.81,,"[1, 6, 8, 10, 29, 40]","[31, 42]"
45,https://www.lottoland.com/en/saturday-oz/results-winning-numbers/23-01-2021,SAT Lotto,23-01-2021,IV,4 Numbers,13.2,,"[1, 6, 8, 10, 29, 40]","[31, 42]"
46,https://www.lottoland.com/en/saturday-oz/results-winning-numbers/23-01-2021,SAT Lotto,23-01-2021,V,3 Numbers + Bonus,10.07,,"[1, 6, 8, 10, 29, 40]","[31, 42]"
47,https://www.lottoland.com/en/saturday-oz/results-winning-numbers/23-01-2021,SAT Lotto,23-01-2021,VI,1 Number + 2 Bonus,4.4,,"[1, 6, 8, 10, 29, 40]","[31, 42]"
48,https://www.lottoland.com/en/saturday-oz/results-winning-numbers/16-01-2021,SAT Lotto,16-01-2021,I,6 Numbers,671492.93,,"[4, 12, 14, 17, 22, 33]","[25, 28]"
49,https://www.lottoland.com/en/saturday-oz/results-winning-numbers/16-01-2021,SAT Lotto,16-01-2021,II,5 Numbers + Bonus,4131.93,,"[4, 12, 14, 17, 22, 33]","[25, 28]"
50,https://www.lottoland.com/en/saturday-oz/results-winning-numbers/16-01-2021,SAT Lotto,16-01-2021,III,5 Numbers,514.52,,"[4, 12, 14, 17, 22, 33]","[25, 28]"
51,https://www.lottoland.com/en/saturday-oz/results-winning-numbers/16-01-2021,SAT Lotto,16-01-2021,IV,4 Numbers,15.09,,"[4, 12, 14, 17, 22, 33]","[25, 28]"
52,https://www.lottoland.com/en/saturday-oz/results-winning-numbers/16-01-2021,SAT Lotto,16-01-2021,V,3 Numbers + Bonus,8.68,,"[4, 12, 14, 17, 22, 33]","[25, 28]"
53,https://www.lottoland.com/en/saturday-oz/results-winning-numbers/16-01-2021,SAT Lotto,16-01-2021,VI,1 Number + 2 Bonus,5.01,,"[4, 12, 14, 17, 22, 33]","[25, 28]"
54,https://www.lottoland.com/en/saturday-oz/results-winning-numbers/09-01-2021,SAT Lotto,44440,I,6 Numbers,907940.88,,"[7, 9, 20, 22, 34, 45]","[10, 12]"
55,https://www.lottoland.com/en/saturday-oz/results-winning-numbers/09-01-2021,SAT Lotto,44440,II,5 Numbers + Bonus,6331.66,,"[7, 9, 20, 22, 34, 45]","[10, 12]"
56,https://www.lottoland.com/en/saturday-oz/results-winning-numbers/09-01-2021,SAT Lotto,44440,III,5 Numbers,568.16,,"[7, 9, 20, 22, 34, 45]","[10, 12]"
57,https://www.lottoland.com/en/saturday-oz/results-winning-numbers/09-01-2021,SAT Lotto,44440,IV,4 Numbers,16.21,,"[7, 9, 20, 22, 34, 45]","[10, 12]"
58,https://www.lottoland.com/en/saturday-oz/results-winning-numbers/09-01-2021,SAT Lotto,44440,V,3 Numbers + Bonus,9.09,,"[7, 9, 20, 22, 34, 45]","[10, 12]"
59,https://www.lottoland.com/en/saturday-oz/results-winning-numbers/09-01-2021,SAT Lotto,44440,VI,1 Number + 2 Bonus,5.15,,"[7, 9, 20, 22, 34, 45]","[10, 12]"
60,https://www.lottoland.com/en/saturday-oz/results-winning-numbers/02-01-2021,SAT Lotto,44228,I,6 Numbers,999650.12,,"[5, 7, 14, 16, 17, 44]","[26, 31]"
61,https://www.lottoland.com/en/saturday-oz/results-winning-numbers/02-01-2021,SAT Lotto,44228,II,5 Numbers + Bonus,7256.32,,"[5, 7, 14, 16, 17, 44]","[26, 31]"
62,https://www.lottoland.com/en/saturday-oz/results-winning-numbers/02-01-2021,SAT Lotto,44228,III,5 Numbers,555.14,,"[5, 7, 14, 16, 17, 44]","[26, 31]"
63,https://www.lottoland.com/en/saturday-oz/results-winning-numbers/02-01-2021,SAT Lotto,44228,IV,4 Numbers,15.86,,"[5, 7, 14, 16, 17, 44]","[26, 31]"
64,https://www.lottoland.com/en/saturday-oz/results-winning-numbers/02-01-2021,SAT Lotto,44228,V,3 Numbers + Bonus,9.47,,"[5, 7, 14, 16, 17, 44]","[26, 31]"
65,https://www.lottoland.com/en/saturday-oz/results-winning-numbers/02-01-2021,SAT Lotto,44228,VI,1 Number + 2 Bonus,5.03,,"[5, 7, 14, 16, 17, 44]","[26, 31]"
66,https://www.lottoland.com/en/saturday-oz/results-winning-numbers/26-12-2020,SAT Lotto,26-12-2020,I,6 Numbers,662837.68,,"[2, 5, 11, 21, 30, 32]","[25, 42]"
67,https://www.lottoland.com/en/saturday-oz/results-winning-numbers/26-12-2020,SAT Lotto,26-12-2020,II,5 Numbers + Bonus,4585.27,,"[2, 5, 11, 21, 30, 32]","[25, 42]"
68,https://www.lottoland.com/en/saturday-oz/results-winning-numbers/26-12-2020,SAT Lotto,26-12-2020,III,5 Numbers,470.34,,"[2, 5, 11, 21, 30, 32]","[25, 42]"
69,https://www.lottoland.com/en/saturday-oz/results-winning-numbers/26-12-2020,SAT Lotto,26-12-2020,IV,4 Numbers,13.74,,"[2, 5, 11, 21, 30, 32]","[25, 42]"
70,https://www.lottoland.com/en/saturday-oz/results-winning-numbers/26-12-2020,SAT Lotto,26-12-2020,V,3 Numbers + Bonus,8.93,,"[2, 5, 11, 21, 30, 32]","[25, 42]"
71,https://www.lottoland.com/en/saturday-oz/results-winning-numbers/26-12-2020,SAT Lotto,26-12-2020,VI,1 Number + 2 Bonus,4.62,,"[2, 5, 11, 21, 30, 32]","[25, 42]"
72,https://www.lottoland.com/en/saturday-oz/results-winning-numbers/19-12-2020,SAT Lotto,19-12-2020,I,6 Numbers,953690.47,,"[9, 16, 26, 35, 39, 41]","[13, 33]"
73,https://www.lottoland.com/en/saturday-oz/results-winning-numbers/19-12-2020,SAT Lotto,19-12-2020,II,5 Numbers + Bonus,8302.82,,"[9, 16, 26, 35, 39, 41]","[13, 33]"
74,https://www.lottoland.com/en/saturday-oz/results-winning-numbers/19-12-2020,SAT Lotto,19-12-2020,III,5 Numbers,629.52,,"[9, 16, 26, 35, 39, 41]","[13, 33]"
75,https://www.lottoland.com/en/saturday-oz/results-winning-numbers/19-12-2020,SAT Lotto,19-12-2020,IV,4 Numbers,19.12,,"[9, 16, 26, 35, 39, 41]","[13, 33]"
76,https://www.lottoland.com/en/saturday-oz/results-winning-numbers/19-12-2020,SAT Lotto,19-12-2020,V,3 Numbers + Bonus,10.59,,"[9, 16, 26, 35, 39, 41]","[13, 33]"
77,https://www.lottoland.com/en/saturday-oz/results-winning-numbers/19-12-2020,SAT Lotto,19-12-2020,VI,1 Number + 2 Bonus,5.9,,"[9, 16, 26, 35, 39, 41]","[13, 33]"
78,https://www.lottoland.com/en/saturday-oz/results-winning-numbers/12-12-2020,SAT Lotto,44177,I,6 Numbers,549039.37,,"[14, 16, 35, 38, 40, 43]","[1, 33]"
79,https://www.lottoland.com/en/saturday-oz/results-winning-numbers/12-12-2020,SAT Lotto,44177,II,5 Numbers + Bonus,9418.09,,"[14, 16, 35, 38, 40, 43]","[1, 33]"
80,https://www.lottoland.com/en/saturday-oz/results-winning-numbers/12-12-2020,SAT Lotto,44177,III,5 Numbers,653.74,,"[14, 16, 35, 38, 40, 43]","[1, 33]"
81,https://www.lottoland.com/en/saturday-oz/results-winning-numbers/12-12-2020,SAT Lotto,44177,IV,4 Numbers,19.53,,"[14, 16, 35, 38, 40, 43]","[1, 33]"
82,https://www.lottoland.com/en/saturday-oz/results-winning-numbers/12-12-2020,SAT Lotto,44177,V,3 Numbers + Bonus,11.43,,"[14, 16, 35, 38, 40, 43]","[1, 33]"
83,https://www.lottoland.com/en/saturday-oz/results-winning-numbers/12-12-2020,SAT Lotto,44177,VI,1 Number + 2 Bonus,5.96,,"[14, 16, 35, 38, 40, 43]","[1, 33]"
84,https://www.lottoland.com/en/saturday-oz/results-winning-numbers/28-11-2020,SAT Lotto,28-11-2020,I,6 Numbers,1594648.66,,"[10, 18, 20, 34, 35, 37]","[7, 41]"
85,https://www.lottoland.com/en/saturday-oz/results-winning-numbers/28-11-2020,SAT Lotto,28-11-2020,II,5 Numbers + Bonus,8158.44,,"[10, 18, 20, 34, 35, 37]","[7, 41]"
86,https://www.lottoland.com/en/saturday-oz/results-winning-numbers/28-11-2020,SAT Lotto,28-11-2020,III,5 Numbers,581.29,,"[10, 18, 20, 34, 35, 37]","[7, 41]"
87,https://www.lottoland.com/en/saturday-oz/results-winning-numbers/28-11-2020,SAT Lotto,28-11-2020,IV,4 Numbers,17.06,,"[10, 18, 20, 34, 35, 37]","[7, 41]"
88,https://www.lottoland.com/en/saturday-oz/results-winning-numbers/28-11-2020,SAT Lotto,28-11-2020,V,3 Numbers + Bonus,10.08,,"[10, 18, 20, 34, 35, 37]","[7, 41]"
89,https://www.lottoland.com/en/saturday-oz/results-winning-numbers/28-11-2020,SAT Lotto,28-11-2020,VI,1 Number + 2 Bonus,5.26,,"[10, 18, 20, 34, 35, 37]","[7, 41]"
90,https://www.lottoland.com/en/saturday-oz/results-winning-numbers/21-11-2020,SAT Lotto,21-11-2020,I,6 Numbers,338295.06,,"[2, 21, 27, 37, 39, 42]","[7, 11]"
91,https://www.lottoland.com/en/saturday-oz/results-winning-numbers/21-11-2020,SAT Lotto,21-11-2020,II,5 Numbers + Bonus,3564.81,,"[2, 21, 27, 37, 39, 42]","[7, 11]"
92,https://www.lottoland.com/en/saturday-oz/results-winning-numbers/21-11-2020,SAT Lotto,21-11-2020,III,5 Numbers,527.91,,"[2, 21, 27, 37, 39, 42]","[7, 11]"
93,https://www.lottoland.com/en/saturday-oz/results-winning-numbers/21-11-2020,SAT Lotto,21-11-2020,IV,4 Numbers,16.63,,"[2, 21, 27, 37, 39, 42]","[7, 11]"
94,https://www.lottoland.com/en/saturday-oz/results-winning-numbers/21-11-2020,SAT Lotto,21-11-2020,V,3 Numbers + Bonus,8.16,,"[2, 21, 27, 37, 39, 42]","[7, 11]"
95,https://www.lottoland.com/en/saturday-oz/results-winning-numbers/21-11-2020,SAT Lotto,21-11-2020,VI,1 Number + 2 Bonus,5.57,,"[2, 21, 27, 37, 39, 42]","[7, 11]"
96,https://www.lottoland.com/en/saturday-oz/results-winning-numbers/14-11-2020,SAT Lotto,14-11-2020,I,6 Numbers,3786617.55,,"[6, 15, 23, 26, 27, 45]","[2, 29]"
97,https://www.lottoland.com/en/saturday-oz/results-winning-numbers/14-11-2020,SAT Lotto,14-11-2020,II,5 Numbers + Bonus,7618.48,,"[6, 15, 23, 26, 27, 45]","[2, 29]"
98,https://www.lottoland.com/en/saturday-oz/results-winning-numbers/14-11-2020,SAT Lotto,14-11-2020,III,5 Numbers,631.19,,"[6, 15, 23, 26, 27, 45]","[2, 29]"
99,https://www.lottoland.com/en/saturday-oz/results-winning-numbers/14-11-2020,SAT Lotto,14-11-2020,IV,4 Numbers,16.38,,"[6, 15, 23, 26, 27, 45]","[2, 29]"
100,https://www.lottoland.com/en/saturday-oz/results-winning-numbers/14-11-2020,SAT Lotto,14-11-2020,V,3 Numbers + Bonus,9.11,,"[6, 15, 23, 26, 27, 45]","[2, 29]"
101,https://www.lottoland.com/en/saturday-oz/results-winning-numbers/14-11-2020,SAT Lotto,14-11-2020,VI,1 Number + 2 Bonus,5.03,,"[6, 15, 23, 26, 27, 45]","[2, 29]"
102,https://www.lottoland.com/en/saturday-oz/results-winning-numbers/11-07-2020,SAT Lotto,44142,I,6 Numbers,527054.39,,"[22, 26, 27, 29, 32, 38]","[30, 42]"
103,https://www.lottoland.com/en/saturday-oz/results-winning-numbers/11-07-2020,SAT Lotto,44142,II,5 Numbers + Bonus,5557.9,,"[22, 26, 27, 29, 32, 38]","[30, 42]"
104,https://www.lottoland.com/en/saturday-oz/results-winning-numbers/11-07-2020,SAT Lotto,44142,III,5 Numbers,666.29,,"[22, 26, 27, 29, 32, 38]","[30, 42]"
105,https://www.lottoland.com/en/saturday-oz/results-winning-numbers/11-07-2020,SAT Lotto,44142,IV,4 Numbers,19.88,,"[22, 26, 27, 29, 32, 38]","[30, 42]"
106,https://www.lottoland.com/en/saturday-oz/results-winning-numbers/11-07-2020,SAT Lotto,44142,V,3 Numbers + Bonus,14.19,,"[22, 26, 27, 29, 32, 38]","[30, 42]"
107,https://www.lottoland.com/en/saturday-oz/results-winning-numbers/11-07-2020,SAT Lotto,44142,VI,1 Number + 2 Bonus,9.02,,"[22, 26, 27, 29, 32, 38]","[30, 42]"
108,https://www.lottoland.com/en/saturday-oz/results-winning-numbers/31-10-2020,SAT Lotto,31-10-2020,I,6 Numbers,1206806.15,,"[4, 13, 19, 26, 27, 34]","[6, 15]"
109,https://www.lottoland.com/en/saturday-oz/results-winning-numbers/31-10-2020,SAT Lotto,31-10-2020,II,5 Numbers + Bonus,6413.66,,"[4, 13, 19, 26, 27, 34]","[6, 15]"
110,https://www.lottoland.com/en/saturday-oz/results-winning-numbers/31-10-2020,SAT Lotto,31-10-2020,III,5 Numbers,512.74,,"[4, 13, 19, 26, 27, 34]","[6, 15]"
111,https://www.lottoland.com/en/saturday-oz/results-winning-numbers/31-10-2020,SAT Lotto,31-10-2020,IV,4 Numbers,14.66,,"[4, 13, 19, 26, 27, 34]","[6, 15]"
112,https://www.lottoland.com/en/saturday-oz/results-winning-numbers/31-10-2020,SAT Lotto,31-10-2020,V,3 Numbers + Bonus,8.42,,"[4, 13, 19, 26, 27, 34]","[6, 15]"
113,https://www.lottoland.com/en/saturday-oz/results-winning-numbers/31-10-2020,SAT Lotto,31-10-2020,VI,1 Number + 2 Bonus,4.74,,"[4, 13, 19, 26, 27, 34]","[6, 15]"
114,https://www.lottoland.com/en/saturday-oz/results-winning-numbers/24-10-2020,SAT Lotto,24-10-2020,I,6 Numbers,973697.18,,"[3, 23, 30, 31, 38, 45]","[19, 40]"
115,https://www.lottoland.com/en/saturday-oz/results-winning-numbers/24-10-2020,SAT Lotto,24-10-2020,II,5 Numbers + Bonus,7234.59,,"[3, 23, 30, 31, 38, 45]","[19, 40]"
116,https://www.lottoland.com/en/saturday-oz/results-winning-numbers/24-10-2020,SAT Lotto,24-10-2020,III,5 Numbers,674.68,,"[3, 23, 30, 31, 38, 45]","[19, 40]"
117,https://www.lottoland.com/en/saturday-oz/results-winning-numbers/24-10-2020,SAT Lotto,24-10-2020,IV,4 Numbers,17.94,,"[3, 23, 30, 31, 38, 45]","[19, 40]"
118,https://www.lottoland.com/en/saturday-oz/results-winning-numbers/24-10-2020,SAT Lotto,24-10-2020,V,3 Numbers + Bonus,9.95,,"[3, 23, 30, 31, 38, 45]","[19, 40]"
119,https://www.lottoland.com/en/saturday-oz/results-winning-numbers/24-10-2020,SAT Lotto,24-10-2020,VI,1 Number + 2 Bonus,5.37,,"[3, 23, 30, 31, 38, 45]","[19, 40]"
120,https://www.lottoland.com/en/saturday-oz/results-winning-numbers/17-10-2020,SAT Lotto,17-10-2020,I,6 Numbers,561034.06,,"[5, 8, 12, 14, 16, 38]","[3, 17]"
121,https://www.lottoland.com/en/saturday-oz/results-winning-numbers/17-10-2020,SAT Lotto,17-10-2020,II,5 Numbers + Bonus,4808.81,,"[5, 8, 12, 14, 16, 38]","[3, 17]"
122,https://www.lottoland.com/en/saturday-oz/results-winning-numbers/17-10-2020,SAT Lotto,17-10-2020,III,5 Numbers,509.19,,"[5, 8, 12, 14, 16, 38]","[3, 17]"
123,https://www.lottoland.com/en/saturday-oz/results-winning-numbers/17-10-2020,SAT Lotto,17-10-2020,IV,4 Numbers,14.86,,"[5, 8, 12, 14, 16, 38]","[3, 17]"
124,https://www.lottoland.com/en/saturday-oz/results-winning-numbers/17-10-2020,SAT Lotto,17-10-2020,V,3 Numbers + Bonus,8.22,,"[5, 8, 12, 14, 16, 38]","[3, 17]"
125,https://www.lottoland.com/en/saturday-oz/results-winning-numbers/17-10-2020,SAT Lotto,17-10-2020,VI,1 Number + 2 Bonus,4.77,,"[5, 8, 12, 14, 16, 38]","[3, 17]"
126,https://www.lottoland.com/en/saturday-oz/results-winning-numbers/10-10-2020,SAT Lotto,44114,I,6 Numbers,787552.21,,"[5, 12, 24, 26, 34, 37]","[2, 3]"
127,https://www.lottoland.com/en/saturday-oz/results-winning-numbers/10-10-2020,SAT Lotto,44114,II,5 Numbers + Bonus,6741.11,,"[5, 12, 24, 26, 34, 37]","[2, 3]"
128,https://www.lottoland.com/en/saturday-oz/results-winning-numbers/10-10-2020,SAT Lotto,44114,III,5 Numbers,560.23,,"[5, 12, 24, 26, 34, 37]","[2, 3]"
129,https://www.lottoland.com/en/saturday-oz/results-winning-numbers/10-10-2020,SAT Lotto,44114,IV,4 Numbers,16.14,,"[5, 12, 24, 26, 34, 37]","[2, 3]"
130,https://www.lottoland.com/en/saturday-oz/results-winning-numbers/10-10-2020,SAT Lotto,44114,V,3 Numbers + Bonus,9.23,,"[5, 12, 24, 26, 34, 37]","[2, 3]"
131,https://www.lottoland.com/en/saturday-oz/results-winning-numbers/10-10-2020,SAT Lotto,44114,VI,1 Number + 2 Bonus,5.15,,"[5, 12, 24, 26, 34, 37]","[2, 3]"
132,https://www.lottoland.com/en/saturday-oz/results-winning-numbers/26-09-2020,SAT Lotto,26-09-2020,I,6 Numbers,309223.58,,"[1, 7, 22, 28, 36, 42]","[11, 14]"
133,https://www.lottoland.com/en/saturday-oz/results-winning-numbers/26-09-2020,SAT Lotto,26-09-2020,II,5 Numbers + Bonus,3636.35,,"[1, 7, 22, 28, 36, 42]","[11, 14]"
134,https://www.lottoland.com/en/saturday-oz/results-winning-numbers/26-09-2020,SAT Lotto,26-09-2020,III,5 Numbers,614.1,,"[1, 7, 22, 28, 36, 42]","[11, 14]"
135,https://www.lottoland.com/en/saturday-oz/results-winning-numbers/26-09-2020,SAT Lotto,26-09-2020,IV,4 Numbers,18.38,,"[1, 7, 22, 28, 36, 42]","[11, 14]"
136,https://www.lottoland.com/en/saturday-oz/results-winning-numbers/26-09-2020,SAT Lotto,26-09-2020,V,3 Numbers + Bonus,10.19,,"[1, 7, 22, 28, 36, 42]","[11, 14]"
137,https://www.lottoland.com/en/saturday-oz/results-winning-numbers/26-09-2020,SAT Lotto,26-09-2020,VI,1 Number + 2 Bonus,6.77,,"[1, 7, 22, 28, 36, 42]","[11, 14]"
138,https://www.lottoland.com/en/saturday-oz/results-winning-numbers/19-09-2020,SAT Lotto,19-09-2020,I,6 Numbers,456219.54,,"[1, 8, 14, 23, 26, 41]","[12, 33]"
139,https://www.lottoland.com/en/saturday-oz/results-winning-numbers/19-09-2020,SAT Lotto,19-09-2020,II,5 Numbers + Bonus,5258.11,,"[1, 8, 14, 23, 26, 41]","[12, 33]"
140,https://www.lottoland.com/en/saturday-oz/results-winning-numbers/19-09-2020,SAT Lotto,19-09-2020,III,5 Numbers,563.67,,"[1, 8, 14, 23, 26, 41]","[12, 33]"
141,https://www.lottoland.com/en/saturday-oz/results-winning-numbers/19-09-2020,SAT Lotto,19-09-2020,IV,4 Numbers,18.33,,"[1, 8, 14, 23, 26, 41]","[12, 33]"
142,https://www.lottoland.com/en/saturday-oz/results-winning-numbers/19-09-2020,SAT Lotto,19-09-2020,V,3 Numbers + Bonus,13.22,,"[1, 8, 14, 23, 26, 41]","[12, 33]"
143,https://www.lottoland.com/en/saturday-oz/results-winning-numbers/19-09-2020,SAT Lotto,19-09-2020,VI,1 Number + 2 Bonus,8.23,,"[1, 8, 14, 23, 26, 41]","[12, 33]"
144,https://www.lottoland.com/en/saturday-oz/results-winning-numbers/09-05-2020,SAT Lotto,44079,I,6 Numbers,1093563.61,,"[7, 21, 22, 35, 38, 39]","[34, 44]"
145,https://www.lottoland.com/en/saturday-oz/results-winning-numbers/09-05-2020,SAT Lotto,44079,II,5 Numbers + Bonus,5830.88,,"[7, 21, 22, 35, 38, 39]","[34, 44]"
146,https://www.lottoland.com/en/saturday-oz/results-winning-numbers/09-05-2020,SAT Lotto,44079,III,5 Numbers,711.86,,"[7, 21, 22, 35, 38, 39]","[34, 44]"
147,https://www.lottoland.com/en/saturday-oz/results-winning-numbers/09-05-2020,SAT Lotto,44079,IV,4 Numbers,20.63,,"[7, 21, 22, 35, 38, 39]","[34, 44]"
148,https://www.lottoland.com/en/saturday-oz/results-winning-numbers/09-05-2020,SAT Lotto,44079,V,3 Numbers + Bonus,14.22,,"[7, 21, 22, 35, 38, 39]","[34, 44]"
149,https://www.lottoland.com/en/saturday-oz/results-winning-numbers/09-05-2020,SAT Lotto,44079,VI,1 Number + 2 Bonus,8.27,,"[7, 21, 22, 35, 38, 39]","[34, 44]"
150,https://www.lottoland.com/en/saturday-oz/results-winning-numbers/29-08-2020,SAT Lotto,29-08-2020,I,6 Numbers,342325.41,,"[13, 16, 20, 25, 40, 44]","[4, 28]"
151,https://www.lottoland.com/en/saturday-oz/results-winning-numbers/29-08-2020,SAT Lotto,29-08-2020,II,5 Numbers + Bonus,5736.35,,"[13, 16, 20, 25, 40, 44]","[4, 28]"
152,https://www.lottoland.com/en/saturday-oz/results-winning-numbers/29-08-2020,SAT Lotto,29-08-2020,III,5 Numbers,718.19,,"[13, 16, 20, 25, 40, 44]","[4, 28]"
153,https://www.lottoland.com/en/saturday-oz/results-winning-numbers/29-08-2020,SAT Lotto,29-08-2020,IV,4 Numbers,21.86,,"[13, 16, 20, 25, 40, 44]","[4, 28]"
154,https://www.lottoland.com/en/saturday-oz/results-winning-numbers/29-08-2020,SAT Lotto,29-08-2020,V,3 Numbers + Bonus,13.87,,"[13, 16, 20, 25, 40, 44]","[4, 28]"
155,https://www.lottoland.com/en/saturday-oz/results-winning-numbers/29-08-2020,SAT Lotto,29-08-2020,VI,1 Number + 2 Bonus,7,,"[13, 16, 20, 25, 40, 44]","[4, 28]"
156,https://www.lottoland.com/en/saturday-oz/results-winning-numbers/22-08-2020,SAT Lotto,22-08-2020,I,6 Numbers,1556563.06,,"[2, 7, 9, 16, 33, 43]","[20, 34]"
157,https://www.lottoland.com/en/saturday-oz/results-winning-numbers/22-08-2020,SAT Lotto,22-08-2020,II,5 Numbers + Bonus,6067.2,,"[2, 7, 9, 16, 33, 43]","[20, 34]"
158,https://www.lottoland.com/en/saturday-oz/results-winning-numbers/22-08-2020,SAT Lotto,22-08-2020,III,5 Numbers,711.55,,"[2, 7, 9, 16, 33, 43]","[20, 34]"
159,https://www.lottoland.com/en/saturday-oz/results-winning-numbers/22-08-2020,SAT Lotto,22-08-2020,IV,4 Numbers,20.32,,"[2, 7, 9, 16, 33, 43]","[20, 34]"
160,https://www.lottoland.com/en/saturday-oz/results-winning-numbers/22-08-2020,SAT Lotto,22-08-2020,V,3 Numbers + Bonus,14.08,,"[2, 7, 9, 16, 33, 43]","[20, 34]"
161,https://www.lottoland.com/en/saturday-oz/results-winning-numbers/22-08-2020,SAT Lotto,22-08-2020,VI,1 Number + 2 Bonus,8.3,,"[2, 7, 9, 16, 33, 43]","[20, 34]"
162,https://www.lottoland.com/en/saturday-oz/results-winning-numbers/15-08-2020,SAT Lotto,15-08-2020,I,6 Numbers,513065.7,,"[13, 16, 29, 34, 35, 41]","[12, 45]"
163,https://www.lottoland.com/en/saturday-oz/results-winning-numbers/15-08-2020,SAT Lotto,15-08-2020,II,5 Numbers + Bonus,5727.6,,"[13, 16, 29, 34, 35, 41]","[12, 45]"
164,https://www.lottoland.com/en/saturday-oz/results-winning-numbers/15-08-2020,SAT Lotto,15-08-2020,III,5 Numbers,780.35,,"[13, 16, 29, 34, 35, 41]","[12, 45]"
165,https://www.lottoland.com/en/saturday-oz/results-winning-numbers/15-08-2020,SAT Lotto,15-08-2020,IV,4 Numbers,22.77,,"[13, 16, 29, 34, 35, 41]","[12, 45]"
166,https://www.lottoland.com/en/saturday-oz/results-winning-numbers/15-08-2020,SAT Lotto,15-08-2020,V,3 Numbers + Bonus,15.41,,"[13, 16, 29, 34, 35, 41]","[12, 45]"
167,https://www.lottoland.com/en/saturday-oz/results-winning-numbers/15-08-2020,SAT Lotto,15-08-2020,VI,1 Number + 2 Bonus,8.72,,"[13, 16, 29, 34, 35, 41]","[12, 45]"
168,https://www.lottoland.com/en/saturday-oz/results-winning-numbers/08-08-2020,SAT Lotto,44051,I,6 Numbers,639024.77,,"[1, 11, 17, 18, 34, 42]","[19, 43]"
169,https://www.lottoland.com/en/saturday-oz/results-winning-numbers/08-08-2020,SAT Lotto,44051,II,5 Numbers + Bonus,7930.49,,"[1, 11, 17, 18, 34, 42]","[19, 43]"
170,https://www.lottoland.com/en/saturday-oz/results-winning-numbers/08-08-2020,SAT Lotto,44051,III,5 Numbers,698.22,,"[1, 11, 17, 18, 34, 42]","[19, 43]"
171,https://www.lottoland.com/en/saturday-oz/results-winning-numbers/08-08-2020,SAT Lotto,44051,IV,4 Numbers,20.7,,"[1, 11, 17, 18, 34, 42]","[19, 43]"
172,https://www.lottoland.com/en/saturday-oz/results-winning-numbers/08-08-2020,SAT Lotto,44051,V,3 Numbers + Bonus,14.21,,"[1, 11, 17, 18, 34, 42]","[19, 43]"
173,https://www.lottoland.com/en/saturday-oz/results-winning-numbers/08-08-2020,SAT Lotto,44051,VI,1 Number + 2 Bonus,8.35,,"[1, 11, 17, 18, 34, 42]","[19, 43]"
174,https://www.lottoland.com/en/saturday-oz/results-winning-numbers/25-07-2020,SAT Lotto,25-07-2020,I,6 Numbers,1221232.35,,"[6, 9, 16, 32, 37, 44]","[11, 12]"
175,https://www.lottoland.com/en/saturday-oz/results-winning-numbers/25-07-2020,SAT Lotto,25-07-2020,II,5 Numbers + Bonus,5180.9,,"[6, 9, 16, 32, 37, 44]","[11, 12]"
176,https://www.lottoland.com/en/saturday-oz/results-winning-numbers/25-07-2020,SAT Lotto,25-07-2020,III,5 Numbers,704.68,,"[6, 9, 16, 32, 37, 44]","[11, 12]"
177,https://www.lottoland.com/en/saturday-oz/results-winning-numbers/25-07-2020,SAT Lotto,25-07-2020,IV,4 Numbers,21.46,,"[6, 9, 16, 32, 37, 44]","[11, 12]"
178,https://www.lottoland.com/en/saturday-oz/results-winning-numbers/25-07-2020,SAT Lotto,25-07-2020,V,3 Numbers + Bonus,13.74,,"[6, 9, 16, 32, 37, 44]","[11, 12]"
179,https://www.lottoland.com/en/saturday-oz/results-winning-numbers/25-07-2020,SAT Lotto,25-07-2020,VI,1 Number + 2 Bonus,7.48,,"[6, 9, 16, 32, 37, 44]","[11, 12]"
180,https://www.lottoland.com/en/saturday-oz/results-winning-numbers/18-07-2020,SAT Lotto,18-07-2020,I,6 Numbers,644217.16,,"[2, 18, 21, 22, 35, 43]","[10, 37]"
181,https://www.lottoland.com/en/saturday-oz/results-winning-numbers/18-07-2020,SAT Lotto,18-07-2020,II,5 Numbers + Bonus,6372.82,,"[2, 18, 21, 22, 35, 43]","[10, 37]"
182,https://www.lottoland.com/en/saturday-oz/results-winning-numbers/18-07-2020,SAT Lotto,18-07-2020,III,5 Numbers,725.57,,"[2, 18, 21, 22, 35, 43]","[10, 37]"
183,https://www.lottoland.com/en/saturday-oz/results-winning-numbers/18-07-2020,SAT Lotto,18-07-2020,IV,4 Numbers,21.12,,"[2, 18, 21, 22, 35, 43]","[10, 37]"
184,https://www.lottoland.com/en/saturday-oz/results-winning-numbers/18-07-2020,SAT Lotto,18-07-2020,V,3 Numbers + Bonus,14.15,,"[2, 18, 21, 22, 35, 43]","[10, 37]"
185,https://www.lottoland.com/en/saturday-oz/results-winning-numbers/18-07-2020,SAT Lotto,18-07-2020,VI,1 Number + 2 Bonus,8.34,,"[2, 18, 21, 22, 35, 43]","[10, 37]"
186,https://www.lottoland.com/en/saturday-oz/results-winning-numbers/07-11-2020,SAT Lotto,44023,I,6 Numbers,629682.1,,"[1, 3, 7, 8, 15, 35]","[5, 10]"
187,https://www.lottoland.com/en/saturday-oz/results-winning-numbers/07-11-2020,SAT Lotto,44023,II,5 Numbers + Bonus,2791.5,,"[1, 3, 7, 8, 15, 35]","[5, 10]"
188,https://www.lottoland.com/en/saturday-oz/results-winning-numbers/07-11-2020,SAT Lotto,44023,III,5 Numbers,454.58,,"[1, 3, 7, 8, 15, 35]","[5, 10]"
189,https://www.lottoland.com/en/saturday-oz/results-winning-numbers/07-11-2020,SAT Lotto,44023,IV,4 Numbers,12.27,,"[1, 3, 7, 8, 15, 35]","[5, 10]"
190,https://www.lottoland.com/en/saturday-oz/results-winning-numbers/07-11-2020,SAT Lotto,44023,V,3 Numbers + Bonus,6.36,,"[1, 3, 7, 8, 15, 35]","[5, 10]"
191,https://www.lottoland.com/en/saturday-oz/results-winning-numbers/07-11-2020,SAT Lotto,44023,VI,1 Number + 2 Bonus,4.44,,"[1, 3, 7, 8, 15, 35]","[5, 10]"
192,https://www.lottoland.com/en/saturday-oz/results-winning-numbers/27-06-2020,SAT Lotto,27-06-2020,I,6 Numbers,488666.44,,"[15, 19, 24, 28, 35, 41]","[23, 30]"
193,https://www.lottoland.com/en/saturday-oz/results-winning-numbers/27-06-2020,SAT Lotto,27-06-2020,II,5 Numbers + Bonus,8083.91,,"[15, 19, 24, 28, 35, 41]","[23, 30]"
194,https://www.lottoland.com/en/saturday-oz/results-winning-numbers/27-06-2020,SAT Lotto,27-06-2020,III,5 Numbers,767.88,,"[15, 19, 24, 28, 35, 41]","[23, 30]"
195,https://www.lottoland.com/en/saturday-oz/results-winning-numbers/27-06-2020,SAT Lotto,27-06-2020,IV,4 Numbers,22.56,,"[15, 19, 24, 28, 35, 41]","[23, 30]"
196,https://www.lottoland.com/en/saturday-oz/results-winning-numbers/27-06-2020,SAT Lotto,27-06-2020,V,3 Numbers + Bonus,14.53,,"[15, 19, 24, 28, 35, 41]","[23, 30]"
197,https://www.lottoland.com/en/saturday-oz/results-winning-numbers/27-06-2020,SAT Lotto,27-06-2020,VI,1 Number + 2 Bonus,7.94,,"[15, 19, 24, 28, 35, 41]","[23, 30]"
198,https://www.lottoland.com/en/saturday-oz/results-winning-numbers/20-06-2020,SAT Lotto,20-06-2020,I,6 Numbers,455143.6,,"[9, 11, 17, 19, 22, 29]","[14, 21]"
199,https://www.lottoland.com/en/saturday-oz/results-winning-numbers/20-06-2020,SAT Lotto,20-06-2020,II,5 Numbers + Bonus,3780.09,,"[9, 11, 17, 19, 22, 29]","[14, 21]"
200,https://www.lottoland.com/en/saturday-oz/results-winning-numbers/20-06-2020,SAT Lotto,20-06-2020,III,5 Numbers,458.19,,"[9, 11, 17, 19, 22, 29]","[14, 21]"
201,https://www.lottoland.com/en/saturday-oz/results-winning-numbers/20-06-2020,SAT Lotto,20-06-2020,IV,4 Numbers,15.42,,"[9, 11, 17, 19, 22, 29]","[14, 21]"
202,https://www.lottoland.com/en/saturday-oz/results-winning-numbers/20-06-2020,SAT Lotto,20-06-2020,V,3 Numbers + Bonus,11.58,,"[9, 11, 17, 19, 22, 29]","[14, 21]"
203,https://www.lottoland.com/en/saturday-oz/results-winning-numbers/20-06-2020,SAT Lotto,20-06-2020,VI,1 Number + 2 Bonus,7.5,,"[9, 11, 17, 19, 22, 29]","[14, 21]"
204,https://www.lottoland.com/en/saturday-oz/results-winning-numbers/13-06-2020,SAT Lotto,13-06-2020,I,6 Numbers,745138.55,,"[3, 17, 29, 32, 34, 38]","[12, 28]"
205,https://www.lottoland.com/en/saturday-oz/results-winning-numbers/13-06-2020,SAT Lotto,13-06-2020,II,5 Numbers + Bonus,5806.4,,"[3, 17, 29, 32, 34, 38]","[12, 28]"
206,https://www.lottoland.com/en/saturday-oz/results-winning-numbers/13-06-2020,SAT Lotto,13-06-2020,III,5 Numbers,664.28,,"[3, 17, 29, 32, 34, 38]","[12, 28]"
207,https://www.lottoland.com/en/saturday-oz/results-winning-numbers/13-06-2020,SAT Lotto,13-06-2020,IV,4 Numbers,21.16,,"[3, 17, 29, 32, 34, 38]","[12, 28]"
208,https://www.lottoland.com/en/saturday-oz/results-winning-numbers/13-06-2020,SAT Lotto,13-06-2020,V,3 Numbers + Bonus,13.76,,"[3, 17, 29, 32, 34, 38]","[12, 28]"
209,https://www.lottoland.com/en/saturday-oz/results-winning-numbers/13-06-2020,SAT Lotto,13-06-2020,VI,1 Number + 2 Bonus,6.91,,"[3, 17, 29, 32, 34, 38]","[12, 28]"
210,https://www.lottoland.com/en/saturday-oz/results-winning-numbers/06-06-2020,SAT Lotto,43988,I,6 Numbers,763112.27,,"[3, 10, 18, 19, 22, 27]","[41, 42]"
211,https://www.lottoland.com/en/saturday-oz/results-winning-numbers/06-06-2020,SAT Lotto,43988,II,5 Numbers + Bonus,6333.58,,"[3, 10, 18, 19, 22, 27]","[41, 42]"
212,https://www.lottoland.com/en/saturday-oz/results-winning-numbers/06-06-2020,SAT Lotto,43988,III,5 Numbers,479.69,,"[3, 10, 18, 19, 22, 27]","[41, 42]"
213,https://www.lottoland.com/en/saturday-oz/results-winning-numbers/06-06-2020,SAT Lotto,43988,IV,4 Numbers,15.46,,"[3, 10, 18, 19, 22, 27]","[41, 42]"
214,https://www.lottoland.com/en/saturday-oz/results-winning-numbers/06-06-2020,SAT Lotto,43988,V,3 Numbers + Bonus,14.29,,"[3, 10, 18, 19, 22, 27]","[41, 42]"
215,https://www.lottoland.com/en/saturday-oz/results-winning-numbers/06-06-2020,SAT Lotto,43988,VI,1 Number + 2 Bonus,9.76,,"[3, 10, 18, 19, 22, 27]","[41, 42]"
216,https://www.lottoland.com/en/saturday-oz/results-winning-numbers/30-05-2020,SAT Lotto,30-05-2020,I,6 Numbers,300918,,"[3, 15, 19, 22, 25, 44]","[1, 42]"
217,https://www.lottoland.com/en/saturday-oz/results-winning-numbers/30-05-2020,SAT Lotto,30-05-2020,II,5 Numbers + Bonus,5451.27,,"[3, 15, 19, 22, 25, 44]","[1, 42]"
218,https://www.lottoland.com/en/saturday-oz/results-winning-numbers/30-05-2020,SAT Lotto,30-05-2020,III,5 Numbers,612.68,,"[3, 15, 19, 22, 25, 44]","[1, 42]"
219,https://www.lottoland.com/en/saturday-oz/results-winning-numbers/30-05-2020,SAT Lotto,30-05-2020,IV,4 Numbers,18.86,,"[3, 15, 19, 22, 25, 44]","[1, 42]"
220,https://www.lottoland.com/en/saturday-oz/results-winning-numbers/30-05-2020,SAT Lotto,30-05-2020,V,3 Numbers + Bonus,13.53,,"[3, 15, 19, 22, 25, 44]","[1, 42]"
221,https://www.lottoland.com/en/saturday-oz/results-winning-numbers/30-05-2020,SAT Lotto,30-05-2020,VI,1 Number + 2 Bonus,8.86,,"[3, 15, 19, 22, 25, 44]","[1, 42]"
222,https://www.lottoland.com/en/saturday-oz/results-winning-numbers/23-05-2020,SAT Lotto,23-05-2020,I,6 Numbers,737929,,"[1, 21, 25, 30, 32, 45]","[31, 38]"
223,https://www.lottoland.com/en/saturday-oz/results-winning-numbers/23-05-2020,SAT Lotto,23-05-2020,II,5 Numbers + Bonus,6669.23,,"[1, 21, 25, 30, 32, 45]","[31, 38]"
224,https://www.lottoland.com/en/saturday-oz/results-winning-numbers/23-05-2020,SAT Lotto,23-05-2020,III,5 Numbers,680.1,,"[1, 21, 25, 30, 32, 45]","[31, 38]"
225,https://www.lottoland.com/en/saturday-oz/results-winning-numbers/23-05-2020,SAT Lotto,23-05-2020,IV,4 Numbers,20.66,,"[1, 21, 25, 30, 32, 45]","[31, 38]"
226,https://www.lottoland.com/en/saturday-oz/results-winning-numbers/23-05-2020,SAT Lotto,23-05-2020,V,3 Numbers + Bonus,15.54,,"[1, 21, 25, 30, 32, 45]","[31, 38]"
227,https://www.lottoland.com/en/saturday-oz/results-winning-numbers/23-05-2020,SAT Lotto,23-05-2020,VI,1 Number + 2 Bonus,9.01,,"[1, 21, 25, 30, 32, 45]","[31, 38]"
228,https://www.lottoland.com/en/saturday-oz/results-winning-numbers/16-05-2020,SAT Lotto,16-05-2020,I,6 Numbers,244222.97,,"[4, 11, 16, 17, 19, 26]","[15, 25]"
229,https://www.lottoland.com/en/saturday-oz/results-winning-numbers/16-05-2020,SAT Lotto,16-05-2020,II,5 Numbers + Bonus,3957.82,,"[4, 11, 16, 17, 19, 26]","[15, 25]"
230,https://www.lottoland.com/en/saturday-oz/results-winning-numbers/16-05-2020,SAT Lotto,16-05-2020,III,5 Numbers,450.76,,"[4, 11, 16, 17, 19, 26]","[15, 25]"
231,https://www.lottoland.com/en/saturday-oz/results-winning-numbers/16-05-2020,SAT Lotto,16-05-2020,IV,4 Numbers,15.32,,"[4, 11, 16, 17, 19, 26]","[15, 25]"
232,https://www.lottoland.com/en/saturday-oz/results-winning-numbers/16-05-2020,SAT Lotto,16-05-2020,V,3 Numbers + Bonus,11.42,,"[4, 11, 16, 17, 19, 26]","[15, 25]"
233,https://www.lottoland.com/en/saturday-oz/results-winning-numbers/16-05-2020,SAT Lotto,16-05-2020,VI,1 Number + 2 Bonus,7.14,,"[4, 11, 16, 17, 19, 26]","[15, 25]"
234,https://www.lottoland.com/en/saturday-oz/results-winning-numbers/05-09-2020,SAT Lotto,43960,I,6 Numbers,2455682.6,,"[2, 3, 13, 32, 37, 38]","[29, 36]"
235,https://www.lottoland.com/en/saturday-oz/results-winning-numbers/05-09-2020,SAT Lotto,43960,II,5 Numbers + Bonus,6763.81,,"[2, 3, 13, 32, 37, 38]","[29, 36]"
236,https://www.lottoland.com/en/saturday-oz/results-winning-numbers/05-09-2020,SAT Lotto,43960,III,5 Numbers,754.57,,"[2, 3, 13, 32, 37, 38]","[29, 36]"
237,https://www.lottoland.com/en/saturday-oz/results-winning-numbers/05-09-2020,SAT Lotto,43960,IV,4 Numbers,21.92,,"[2, 3, 13, 32, 37, 38]","[29, 36]"
238,https://www.lottoland.com/en/saturday-oz/results-winning-numbers/05-09-2020,SAT Lotto,43960,V,3 Numbers + Bonus,14.58,,"[2, 3, 13, 32, 37, 38]","[29, 36]"
239,https://www.lottoland.com/en/saturday-oz/results-winning-numbers/05-09-2020,SAT Lotto,43960,VI,1 Number + 2 Bonus,8.1,,"[2, 3, 13, 32, 37, 38]","[29, 36]"
240,https://www.lottoland.com/en/saturday-oz/results-winning-numbers/25-04-2020,SAT Lotto,25-04-2020,I,6 Numbers,1170236.06,,"[3, 15, 17, 23, 34, 38]","[18, 31]"
241,https://www.lottoland.com/en/saturday-oz/results-winning-numbers/25-04-2020,SAT Lotto,25-04-2020,II,5 Numbers + Bonus,5673.93,,"[3, 15, 17, 23, 34, 38]","[18, 31]"
242,https://www.lottoland.com/en/saturday-oz/results-winning-numbers/25-04-2020,SAT Lotto,25-04-2020,III,5 Numbers,694.12,,"[3, 15, 17, 23, 34, 38]","[18, 31]"
243,https://www.lottoland.com/en/saturday-oz/results-winning-numbers/25-04-2020,SAT Lotto,25-04-2020,IV,4 Numbers,19.86,,"[3, 15, 17, 23, 34, 38]","[18, 31]"
244,https://www.lottoland.com/en/saturday-oz/results-winning-numbers/25-04-2020,SAT Lotto,25-04-2020,V,3 Numbers + Bonus,13.07,,"[3, 15, 17, 23, 34, 38]","[18, 31]"
245,https://www.lottoland.com/en/saturday-oz/results-winning-numbers/25-04-2020,SAT Lotto,25-04-2020,VI,1 Number + 2 Bonus,7.55,,"[3, 15, 17, 23, 34, 38]","[18, 31]"
246,https://www.lottoland.com/en/saturday-oz/results-winning-numbers/18-04-2020,SAT Lotto,18-04-2020,I,6 Numbers,No hits,,"[23, 24, 29, 39, 40, 41]","[5, 37]"
247,https://www.lottoland.com/en/saturday-oz/results-winning-numbers/18-04-2020,SAT Lotto,18-04-2020,II,5 Numbers + Bonus,6608.05,,"[23, 24, 29, 39, 40, 41]","[5, 37]"
248,https://www.lottoland.com/en/saturday-oz/results-winning-numbers/18-04-2020,SAT Lotto,18-04-2020,III,5 Numbers,786.95,,"[23, 24, 29, 39, 40, 41]","[5, 37]"
249,https://www.lottoland.com/en/saturday-oz/results-winning-numbers/18-04-2020,SAT Lotto,18-04-2020,IV,4 Numbers,23.81,,"[23, 24, 29, 39, 40, 41]","[5, 37]"
250,https://www.lottoland.com/en/saturday-oz/results-winning-numbers/18-04-2020,SAT Lotto,18-04-2020,V,3 Numbers + Bonus,15.02,,"[23, 24, 29, 39, 40, 41]","[5, 37]"
251,https://www.lottoland.com/en/saturday-oz/results-winning-numbers/18-04-2020,SAT Lotto,18-04-2020,VI,1 Number + 2 Bonus,7.97,,"[23, 24, 29, 39, 40, 41]","[5, 37]"
252,https://www.lottoland.com/en/saturday-oz/results-winning-numbers/04-04-2020,SAT Lotto,43925,I,6 Numbers,340942.51,,"[11, 19, 22, 33, 36, 39]","[7, 18]"
253,https://www.lottoland.com/en/saturday-oz/results-winning-numbers/04-04-2020,SAT Lotto,43925,II,5 Numbers + Bonus,3786.47,,"[11, 19, 22, 33, 36, 39]","[7, 18]"
254,https://www.lottoland.com/en/saturday-oz/results-winning-numbers/04-04-2020,SAT Lotto,43925,III,5 Numbers,478.17,,"[11, 19, 22, 33, 36, 39]","[7, 18]"
255,https://www.lottoland.com/en/saturday-oz/results-winning-numbers/04-04-2020,SAT Lotto,43925,IV,4 Numbers,16.43,,"[11, 19, 22, 33, 36, 39]","[7, 18]"
256,https://www.lottoland.com/en/saturday-oz/results-winning-numbers/04-04-2020,SAT Lotto,43925,V,3 Numbers + Bonus,10.65,,"[11, 19, 22, 33, 36, 39]","[7, 18]"
257,https://www.lottoland.com/en/saturday-oz/results-winning-numbers/04-04-2020,SAT Lotto,43925,VI,1 Number + 2 Bonus,5.84,,"[11, 19, 22, 33, 36, 39]","[7, 18]"
258,https://www.lottoland.com/en/saturday-oz/results-winning-numbers/28-03-2020,SAT Lotto,28-03-2020,I,6 Numbers,1552196.29,,"[3, 7, 10, 16, 37, 43]","[20, 23]"
259,https://www.lottoland.com/en/saturday-oz/results-winning-numbers/28-03-2020,SAT Lotto,28-03-2020,II,5 Numbers + Bonus,4854.93,,"[3, 7, 10, 16, 37, 43]","[20, 23]"
260,https://www.lottoland.com/en/saturday-oz/results-winning-numbers/28-03-2020,SAT Lotto,28-03-2020,III,5 Numbers,618.06,,"[3, 7, 10, 16, 37, 43]","[20, 23]"
261,https://www.lottoland.com/en/saturday-oz/results-winning-numbers/28-03-2020,SAT Lotto,28-03-2020,IV,4 Numbers,18.06,,"[3, 7, 10, 16, 37, 43]","[20, 23]"
262,https://www.lottoland.com/en/saturday-oz/results-winning-numbers/28-03-2020,SAT Lotto,28-03-2020,V,3 Numbers + Bonus,11.17,,"[3, 7, 10, 16, 37, 43]","[20, 23]"
263,https://www.lottoland.com/en/saturday-oz/results-winning-numbers/28-03-2020,SAT Lotto,28-03-2020,VI,1 Number + 2 Bonus,6.66,,"[3, 7, 10, 16, 37, 43]","[20, 23]"
264,https://www.lottoland.com/en/saturday-oz/results-winning-numbers/21-03-2020,SAT Lotto,21-03-2020,I,6 Numbers,762248.31,,"[10, 19, 26, 27, 31, 33]","[9, 43]"
265,https://www.lottoland.com/en/saturday-oz/results-winning-numbers/21-03-2020,SAT Lotto,21-03-2020,II,5 Numbers + Bonus,5075.03,,"[10, 19, 26, 27, 31, 33]","[9, 43]"
266,https://www.lottoland.com/en/saturday-oz/results-winning-numbers/21-03-2020,SAT Lotto,21-03-2020,III,5 Numbers,648.21,,"[10, 19, 26, 27, 31, 33]","[9, 43]"
267,https://www.lottoland.com/en/saturday-oz/results-winning-numbers/21-03-2020,SAT Lotto,21-03-2020,IV,4 Numbers,17.6,,"[10, 19, 26, 27, 31, 33]","[9, 43]"
268,https://www.lottoland.com/en/saturday-oz/results-winning-numbers/21-03-2020,SAT Lotto,21-03-2020,V,3 Numbers + Bonus,12.26,,"[10, 19, 26, 27, 31, 33]","[9, 43]"
269,https://www.lottoland.com/en/saturday-oz/results-winning-numbers/21-03-2020,SAT Lotto,21-03-2020,VI,1 Number + 2 Bonus,7.84,,"[10, 19, 26, 27, 31, 33]","[9, 43]"
270,https://www.lottoland.com/en/saturday-oz/results-winning-numbers/14-03-2020,SAT Lotto,14-03-2020,I,6 Numbers,2320928.67,,"[8, 13, 27, 40, 41, 42]","[3, 4]"
271,https://www.lottoland.com/en/saturday-oz/results-winning-numbers/14-03-2020,SAT Lotto,14-03-2020,II,5 Numbers + Bonus,6010.52,,"[8, 13, 27, 40, 41, 42]","[3, 4]"
272,https://www.lottoland.com/en/saturday-oz/results-winning-numbers/14-03-2020,SAT Lotto,14-03-2020,III,5 Numbers,676.09,,"[8, 13, 27, 40, 41, 42]","[3, 4]"
273,https://www.lottoland.com/en/saturday-oz/results-winning-numbers/14-03-2020,SAT Lotto,14-03-2020,IV,4 Numbers,19.38,,"[8, 13, 27, 40, 41, 42]","[3, 4]"
274,https://www.lottoland.com/en/saturday-oz/results-winning-numbers/14-03-2020,SAT Lotto,14-03-2020,V,3 Numbers + Bonus,12.43,,"[8, 13, 27, 40, 41, 42]","[3, 4]"
275,https://www.lottoland.com/en/saturday-oz/results-winning-numbers/14-03-2020,SAT Lotto,14-03-2020,VI,1 Number + 2 Bonus,7.2,,"[8, 13, 27, 40, 41, 42]","[3, 4]"
276,https://www.lottoland.com/en/saturday-oz/results-winning-numbers/29-02-2020,SAT Lotto,29-02-2020,I,6 Numbers,647556.49,,"[3, 12, 29, 30, 31, 38]","[22, 45]"
277,https://www.lottoland.com/en/saturday-oz/results-winning-numbers/29-02-2020,SAT Lotto,29-02-2020,II,5 Numbers + Bonus,6569.29,,"[3, 12, 29, 30, 31, 38]","[22, 45]"
278,https://www.lottoland.com/en/saturday-oz/results-winning-numbers/29-02-2020,SAT Lotto,29-02-2020,III,5 Numbers,738.32,,"[3, 12, 29, 30, 31, 38]","[22, 45]"
279,https://www.lottoland.com/en/saturday-oz/results-winning-numbers/29-02-2020,SAT Lotto,29-02-2020,IV,4 Numbers,20.75,,"[3, 12, 29, 30, 31, 38]","[22, 45]"
280,https://www.lottoland.com/en/saturday-oz/results-winning-numbers/29-02-2020,SAT Lotto,29-02-2020,V,3 Numbers + Bonus,13.95,,"[3, 12, 29, 30, 31, 38]","[22, 45]"
281,https://www.lottoland.com/en/saturday-oz/results-winning-numbers/29-02-2020,SAT Lotto,29-02-2020,VI,1 Number + 2 Bonus,8.43,,"[3, 12, 29, 30, 31, 38]","[22, 45]"
282,https://www.lottoland.com/en/saturday-oz/results-winning-numbers/22-02-2020,SAT Lotto,22-02-2020,I,6 Numbers,392534.69,,"[8, 11, 15, 16, 23, 29]","[7, 25]"
283,https://www.lottoland.com/en/saturday-oz/results-winning-numbers/22-02-2020,SAT Lotto,22-02-2020,II,5 Numbers + Bonus,3161.95,,"[8, 11, 15, 16, 23, 29]","[7, 25]"
284,https://www.lottoland.com/en/saturday-oz/results-winning-numbers/22-02-2020,SAT Lotto,22-02-2020,III,5 Numbers,451.32,,"[8, 11, 15, 16, 23, 29]","[7, 25]"
285,https://www.lottoland.com/en/saturday-oz/results-winning-numbers/22-02-2020,SAT Lotto,22-02-2020,IV,4 Numbers,14.72,,"[8, 11, 15, 16, 23, 29]","[7, 25]"
286,https://www.lottoland.com/en/saturday-oz/results-winning-numbers/22-02-2020,SAT Lotto,22-02-2020,V,3 Numbers + Bonus,9.87,,"[8, 11, 15, 16, 23, 29]","[7, 25]"
287,https://www.lottoland.com/en/saturday-oz/results-winning-numbers/22-02-2020,SAT Lotto,22-02-2020,VI,1 Number + 2 Bonus,5.96,,"[8, 11, 15, 16, 23, 29]","[7, 25]"
288,https://www.lottoland.com/en/saturday-oz/results-winning-numbers/15-02-2020,SAT Lotto,15-02-2020,I,6 Numbers,1548452.63,,"[3, 4, 11, 21, 24, 39]","[34, 40]"
289,https://www.lottoland.com/en/saturday-oz/results-winning-numbers/15-02-2020,SAT Lotto,15-02-2020,II,5 Numbers + Bonus,5459.35,,"[3, 4, 11, 21, 24, 39]","[34, 40]"
290,https://www.lottoland.com/en/saturday-oz/results-winning-numbers/15-02-2020,SAT Lotto,15-02-2020,III,5 Numbers,707.21,,"[3, 4, 11, 21, 24, 39]","[34, 40]"
291,https://www.lottoland.com/en/saturday-oz/results-winning-numbers/15-02-2020,SAT Lotto,15-02-2020,IV,4 Numbers,19.67,,"[3, 4, 11, 21, 24, 39]","[34, 40]"
292,https://www.lottoland.com/en/saturday-oz/results-winning-numbers/15-02-2020,SAT Lotto,15-02-2020,V,3 Numbers + Bonus,14.21,,"[3, 4, 11, 21, 24, 39]","[34, 40]"
293,https://www.lottoland.com/en/saturday-oz/results-winning-numbers/15-02-2020,SAT Lotto,15-02-2020,VI,1 Number + 2 Bonus,8.67,,"[3, 4, 11, 21, 24, 39]","[34, 40]"
294,https://www.lottoland.com/en/saturday-oz/results-winning-numbers/25-01-2020,SAT Lotto,25-01-2020,I,6 Numbers,993224.66,,"[10, 17, 19, 24, 36, 38]","[22, 40]"
295,https://www.lottoland.com/en/saturday-oz/results-winning-numbers/25-01-2020,SAT Lotto,25-01-2020,II,5 Numbers + Bonus,6392.06,,"[10, 17, 19, 24, 36, 38]","[22, 40]"
296,https://www.lottoland.com/en/saturday-oz/results-winning-numbers/25-01-2020,SAT Lotto,25-01-2020,III,5 Numbers,768.46,,"[10, 17, 19, 24, 36, 38]","[22, 40]"
297,https://www.lottoland.com/en/saturday-oz/results-winning-numbers/25-01-2020,SAT Lotto,25-01-2020,IV,4 Numbers,21.47,,"[10, 17, 19, 24, 36, 38]","[22, 40]"
298,https://www.lottoland.com/en/saturday-oz/results-winning-numbers/25-01-2020,SAT Lotto,25-01-2020,V,3 Numbers + Bonus,14.37,,"[10, 17, 19, 24, 36, 38]","[22, 40]"
299,https://www.lottoland.com/en/saturday-oz/results-winning-numbers/25-01-2020,SAT Lotto,25-01-2020,VI,1 Number + 2 Bonus,8.38,,"[10, 17, 19, 24, 36, 38]","[22, 40]"
300,https://www.lottoland.com/en/saturday-oz/results-winning-numbers/18-01-2020,SAT Lotto,18-01-2020,I,6 Numbers,538114.83,,"[3, 10, 12, 24, 34, 35]","[38, 40]"
301,https://www.lottoland.com/en/saturday-oz/results-winning-numbers/18-01-2020,SAT Lotto,18-01-2020,II,5 Numbers + Bonus,6316.61,,"[3, 10, 12, 24, 34, 35]","[38, 40]"
302,https://www.lottoland.com/en/saturday-oz/results-winning-numbers/18-01-2020,SAT Lotto,18-01-2020,III,5 Numbers,758.04,,"[3, 10, 12, 24, 34, 35]","[38, 40]"
303,https://www.lottoland.com/en/saturday-oz/results-winning-numbers/18-01-2020,SAT Lotto,18-01-2020,IV,4 Numbers,21.82,,"[3, 10, 12, 24, 34, 35]","[38, 40]"
304,https://www.lottoland.com/en/saturday-oz/results-winning-numbers/18-01-2020,SAT Lotto,18-01-2020,V,3 Numbers + Bonus,15.71,,"[3, 10, 12, 24, 34, 35]","[38, 40]"
305,https://www.lottoland.com/en/saturday-oz/results-winning-numbers/18-01-2020,SAT Lotto,18-01-2020,VI,1 Number + 2 Bonus,9.25,,"[3, 10, 12, 24, 34, 35]","[38, 40]"
306,https://www.lottoland.com/en/saturday-oz/results-winning-numbers/28-12-2019,SAT Lotto,28-12-2019,I,6 Numbers,1704909.88,,"[1, 13, 19, 31, 37, 39]","[5, 33]"
307,https://www.lottoland.com/en/saturday-oz/results-winning-numbers/28-12-2019,SAT Lotto,28-12-2019,II,5 Numbers + Bonus,5834.68,,"[1, 13, 19, 31, 37, 39]","[5, 33]"
308,https://www.lottoland.com/en/saturday-oz/results-winning-numbers/28-12-2019,SAT Lotto,28-12-2019,III,5 Numbers,693.96,,"[1, 13, 19, 31, 37, 39]","[5, 33]"
309,https://www.lottoland.com/en/saturday-oz/results-winning-numbers/28-12-2019,SAT Lotto,28-12-2019,IV,4 Numbers,20.38,,"[1, 13, 19, 31, 37, 39]","[5, 33]"
310,https://www.lottoland.com/en/saturday-oz/results-winning-numbers/28-12-2019,SAT Lotto,28-12-2019,V,3 Numbers + Bonus,13.66,,"[1, 13, 19, 31, 37, 39]","[5, 33]"
311,https://www.lottoland.com/en/saturday-oz/results-winning-numbers/28-12-2019,SAT Lotto,28-12-2019,VI,1 Number + 2 Bonus,7.88,,"[1, 13, 19, 31, 37, 39]","[5, 33]"
312,https://www.lottoland.com/en/saturday-oz/results-winning-numbers/21-12-2019,SAT Lotto,21-12-2019,I,6 Numbers,668428,,"[18, 23, 28, 30, 35, 37]","[4, 33]"
313,https://www.lottoland.com/en/saturday-oz/results-winning-numbers/21-12-2019,SAT Lotto,21-12-2019,II,5 Numbers + Bonus,7051.94,,"[18, 23, 28, 30, 35, 37]","[4, 33]"
314,https://www.lottoland.com/en/saturday-oz/results-winning-numbers/21-12-2019,SAT Lotto,21-12-2019,III,5 Numbers,671.96,,"[18, 23, 28, 30, 35, 37]","[4, 33]"
315,https://www.lottoland.com/en/saturday-oz/results-winning-numbers/21-12-2019,SAT Lotto,21-12-2019,IV,4 Numbers,20.57,,"[18, 23, 28, 30, 35, 37]","[4, 33]"
316,https://www.lottoland.com/en/saturday-oz/results-winning-numbers/21-12-2019,SAT Lotto,21-12-2019,V,3 Numbers + Bonus,14.01,,"[18, 23, 28, 30, 35, 37]","[4, 33]"
317,https://www.lottoland.com/en/saturday-oz/results-winning-numbers/21-12-2019,SAT Lotto,21-12-2019,VI,1 Number + 2 Bonus,8.51,,"[18, 23, 28, 30, 35, 37]","[4, 33]"
318,https://www.lottoland.com/en/saturday-oz/results-winning-numbers/14-12-2019,SAT Lotto,14-12-2019,I,6 Numbers,648713.15,,"[1, 9, 31, 34, 39, 40]","[17, 37]"
319,https://www.lottoland.com/en/saturday-oz/results-winning-numbers/14-12-2019,SAT Lotto,14-12-2019,II,5 Numbers + Bonus,7654.27,,"[1, 9, 31, 34, 39, 40]","[17, 37]"
320,https://www.lottoland.com/en/saturday-oz/results-winning-numbers/14-12-2019,SAT Lotto,14-12-2019,III,5 Numbers,864.02,,"[1, 9, 31, 34, 39, 40]","[17, 37]"
321,https://www.lottoland.com/en/saturday-oz/results-winning-numbers/14-12-2019,SAT Lotto,14-12-2019,IV,4 Numbers,25.03,,"[1, 9, 31, 34, 39, 40]","[17, 37]"
322,https://www.lottoland.com/en/saturday-oz/results-winning-numbers/14-12-2019,SAT Lotto,14-12-2019,V,3 Numbers + Bonus,15.87,,"[1, 9, 31, 34, 39, 40]","[17, 37]"
323,https://www.lottoland.com/en/saturday-oz/results-winning-numbers/14-12-2019,SAT Lotto,14-12-2019,VI,1 Number + 2 Bonus,8.72,,"[1, 9, 31, 34, 39, 40]","[17, 37]"
324,https://www.lottoland.com/en/saturday-oz/results-winning-numbers/30-11-2019,SAT Lotto,30-11-2019,I,6 Numbers,362222.49,,"[10, 16, 20, 22, 30, 38]","[14, 42]"
325,https://www.lottoland.com/en/saturday-oz/results-winning-numbers/30-11-2019,SAT Lotto,30-11-2019,II,5 Numbers + Bonus,5133.28,,"[10, 16, 20, 22, 30, 38]","[14, 42]"
326,https://www.lottoland.com/en/saturday-oz/results-winning-numbers/30-11-2019,SAT Lotto,30-11-2019,III,5 Numbers,692.33,,"[10, 16, 20, 22, 30, 38]","[14, 42]"
327,https://www.lottoland.com/en/saturday-oz/results-winning-numbers/30-11-2019,SAT Lotto,30-11-2019,IV,4 Numbers,18.91,,"[10, 16, 20, 22, 30, 38]","[14, 42]"
328,https://www.lottoland.com/en/saturday-oz/results-winning-numbers/30-11-2019,SAT Lotto,30-11-2019,V,3 Numbers + Bonus,13.65,,"[10, 16, 20, 22, 30, 38]","[14, 42]"
329,https://www.lottoland.com/en/saturday-oz/results-winning-numbers/30-11-2019,SAT Lotto,30-11-2019,VI,1 Number + 2 Bonus,10.04,,"[10, 16, 20, 22, 30, 38]","[14, 42]"
330,https://www.lottoland.com/en/saturday-oz/results-winning-numbers/23-11-2019,SAT Lotto,23-11-2019,I,6 Numbers,354466.59,,"[7, 14, 25, 30, 37, 45]","[6, 34]"
331,https://www.lottoland.com/en/saturday-oz/results-winning-numbers/23-11-2019,SAT Lotto,23-11-2019,II,5 Numbers + Bonus,6862.43,,"[7, 14, 25, 30, 37, 45]","[6, 34]"
332,https://www.lottoland.com/en/saturday-oz/results-winning-numbers/23-11-2019,SAT Lotto,23-11-2019,III,5 Numbers,713.48,,"[7, 14, 25, 30, 37, 45]","[6, 34]"
333,https://www.lottoland.com/en/saturday-oz/results-winning-numbers/23-11-2019,SAT Lotto,23-11-2019,IV,4 Numbers,21.32,,"[7, 14, 25, 30, 37, 45]","[6, 34]"
334,https://www.lottoland.com/en/saturday-oz/results-winning-numbers/23-11-2019,SAT Lotto,23-11-2019,V,3 Numbers + Bonus,15,,"[7, 14, 25, 30, 37, 45]","[6, 34]"
335,https://www.lottoland.com/en/saturday-oz/results-winning-numbers/23-11-2019,SAT Lotto,23-11-2019,VI,1 Number + 2 Bonus,9.82,,"[7, 14, 25, 30, 37, 45]","[6, 34]"
336,https://www.lottoland.com/en/saturday-oz/results-winning-numbers/16-11-2019,SAT Lotto,16-11-2019,I,6 Numbers,406307.28,,"[11, 22, 28, 31, 32, 34]","[14, 21]"
337,https://www.lottoland.com/en/saturday-oz/results-winning-numbers/16-11-2019,SAT Lotto,16-11-2019,II,5 Numbers + Bonus,5517.69,,"[11, 22, 28, 31, 32, 34]","[14, 21]"
338,https://www.lottoland.com/en/saturday-oz/results-winning-numbers/16-11-2019,SAT Lotto,16-11-2019,III,5 Numbers,686.25,,"[11, 22, 28, 31, 32, 34]","[14, 21]"
339,https://www.lottoland.com/en/saturday-oz/results-winning-numbers/16-11-2019,SAT Lotto,16-11-2019,IV,4 Numbers,19.25,,"[11, 22, 28, 31, 32, 34]","[14, 21]"
340,https://www.lottoland.com/en/saturday-oz/results-winning-numbers/16-11-2019,SAT Lotto,16-11-2019,V,3 Numbers + Bonus,13.21,,"[11, 22, 28, 31, 32, 34]","[14, 21]"
341,https://www.lottoland.com/en/saturday-oz/results-winning-numbers/16-11-2019,SAT Lotto,16-11-2019,VI,1 Number + 2 Bonus,7.73,,"[11, 22, 28, 31, 32, 34]","[14, 21]"
